{
  "name": "balcony",
  "fallback": "minecraft:empty",
  "elements": [
    {
      "weight": 7,
      "element": {
        "element_type": "minecraft:single_pool_element",
        "location": "torment:sky_dungeon/island/balcony",
        "projection": "rigid",
        "processors": "minecraft:empty"
      }
    },
    {
      "weight": 2,
      "element": {
        "element_type": "minecraft:single_pool_element",
        "location": "torment:sky_dungeon/island/balcony_r4_tower",
        "projection": "rigid",
        "processors": "minecraft:empty"
      }
    },
    {
      "weight": 2,
      "element": {
        "element_type": "minecraft:single_pool_element",
        "location": "torment:sky_dungeon/island/balcony_bridge",
        "projection": "rigid",
        "processors": "minecraft:empty"
      }
    }
  ]
}