{
  "name": "bridge",
  "fallback": "minecraft:empty",
  "elements": [
    {
      "weight": 3,
      "element": {
        "element_type": "minecraft:single_pool_element",
        "location": "torment:sky_dungeon/bridge/arch_long",
        "projection": "rigid",
        "processors": "minecraft:empty"
      }
    },
    {
      "weight": 8,
      "element": {
        "element_type": "minecraft:single_pool_element",
        "location": "torment:sky_dungeon/bridge/short",
        "projection": "rigid",
        "processors": "minecraft:empty"
      }
    },
    {
      "weight": 3,
      "element": {
        "element_type": "minecraft:single_pool_element",
        "location": "torment:sky_dungeon/bridge/slope",
        "projection": "rigid",
        "processors": "minecraft:empty"
      }
    },
    {
      "weight": 1,
      "element": {
        "element_type": "minecraft:single_pool_element",
        "location": "torment:sky_dungeon/bridge/ess",
        "projection": "rigid",
        "processors": "minecraft:empty"
      }
    },
    {
      "weight": 1,
      "element": {
        "element_type": "minecraft:single_pool_element",
        "location": "torment:sky_dungeon/bridge/zee",
        "projection": "rigid",
        "processors": "minecraft:empty"
      }
    }
  ]
}