{
  "name": "satellite",
  "fallback": "minecraft:empty",
  "elements": [
    {
      "weight": 1,
      "element": {
        "element_type": "minecraft:single_pool_element",
        "location": "torment:satellite/satellite_1",
        "projection": "rigid",
        "processors": "minecraft:empty"
      }
    },
    {
      "weight": 1,
      "element": {
        "element_type": "minecraft:single_pool_element",
        "location": "torment:satellite/satellite_2",
        "projection": "rigid",
        "processors": "minecraft:empty"
      }
    }
  ]
}