{
  "aquifers_enabled": false,
  "default_block": {
    "Name": "stone"
  },
  "default_fluid": {
    "Name": "minecraft:air"
  },
  "disable_mob_generation": true,
  "legacy_random_source": true,
  "noise": {
    "height": 192,
    "min_y": -64,
    "size_horizontal": 2,
    "size_vertical": 1
  },
  "noise_router": {
    "barrier": 0,
    "continents": 0,
    "depth": 0,
    "erosion": {
      "type": "minecraft:cache_2d",
      "argument": {
        "type": "minecraft:end_islands"
      }
    },
    "final_density": {
      "type": "minecraft:squeeze",
      "argument": {
        "type": "minecraft:mul",
        "argument1": 0.64,
        "argument2": {
          "type": "minecraft:interpolated",
          "argument": {
            "type": "minecraft:blend_density",
            "argument": {
              "type": "minecraft:add",
              "argument1": -0.234375,
              "argument2": {
                "type": "minecraft:mul",
                "argument1": {
                  "type": "minecraft:y_clamped_gradient",
                  "from_value": 0,
                  "from_y": -60,
                  "to_value": 1,
                  "to_y": -32
                },
                "argument2": {
                  "type": "minecraft:add",
                  "argument1": 0.234375,
                  "argument2": {
                    "type": "minecraft:add",
                    "argument1": -23.4375,
                    "argument2": {
                      "type": "minecraft:mul",
                      "argument1": {
                        "type": "minecraft:y_clamped_gradient",
                        "from_value": 1,
                        "from_y": 56,
                        "to_value": 0,
                        "to_y": 312
                      },
                      "argument2": {
                        "type": "minecraft:add",
                        "argument1": 23.4375,
                        "argument2": {
                          "type": "minecraft:mul",
                          "argument1": {
                            "type": "minecraft:end_islands"
                          },
                          "argument2": {
                            "type": "minecraft:add",
                            "argument1": {
                              "type": "minecraft:min",
                              "argument1": {
                                "type": "minecraft:add",
                                "argument1": {
                                  "type": "minecraft:mul",
                                  "argument1": 2,
                                  "argument2": {
                                    "type": "minecraft:clamp",
                                    "input": {
                                      "type": "minecraft:shifted_noise",
                                      "noise": "minecraft:spaghetti_3d_1",
                                      "xz_scale": 5,
                                      "y_scale": 3,
                                      "shift_x": 0,
                                      "shift_y": -137,
                                      "shift_z": 0
                                    },
                                    "min": -1,
                                    "max": 0
                                  }
                                },
                                "argument2": 1
                              },
                              "argument2": {
                                "type": "minecraft:shifted_noise",
                                "noise": "minecraft:spaghetti_3d_2",
                                "xz_scale": 4,
                                "y_scale": 1,
                                "shift_x": {
                                  "type": "minecraft:square",
                                  "argument": "minecraft:y"
                                },
                                "shift_y": 137,
                                "shift_z": {
                                  "type": "minecraft:square",
                                  "argument": "minecraft:y"
                                }
                              }
                            },
                            "argument2": 0.5
                          }
                        }
                      }
                    }
                  }
                }
              }
            }
          }
        }
      }
    },
    "fluid_level_floodedness": 0,
    "fluid_level_spread": 0,
    "lava": 0,
    "preliminary_surface_level": 0,
    "ridges": 0,
    "temperature": {
      "type": "minecraft:shifted_noise",
      "noise": "minecraft:temperature",
      "shift_x": "minecraft:shift_x",
      "shift_y": 0,
      "shift_z": "minecraft:shift_z",
      "xz_scale": 0.25,
      "y_scale": 0
    },
    "vegetation": {
      "type": "minecraft:shifted_noise",
      "noise": "minecraft:vegetation",
      "shift_x": "minecraft:shift_x",
      "shift_y": 0,
      "shift_z": "minecraft:shift_z",
      "xz_scale": 0.25,
      "y_scale": 0
    },
    "vein_gap": 0,
    "vein_ridged": 0,
    "vein_toggle": 0
  },
  "ore_veins_enabled": false,
  "sea_level": -64,
  "spawn_target": [],
  "surface_rule": {
    "type": "minecraft:sequence",
    "sequence": [
      {
        "type": "minecraft:condition",
        "if_true": {
          "type": "minecraft:biome",
          "biome_is": [
            "minecraft:end_highlands"
          ]
        },
        "then_run": {
          "type": "minecraft:block",
          "result_state": {
            "Name": "end_stone"
          }
        }
      },
      {
        "type": "minecraft:condition",
        "if_true": {
          "type": "minecraft:biome",
          "biome_is": [
            "torment:exciting_wither_domain"
          ]
        },
        "then_run": {
          "type": "minecraft:block",
          "result_state": {
            "Name": "minecraft:green_glazed_terracotta"
          }
        }
      },
      {
        "type": "minecraft:condition",
        "if_true": {
          "type": "minecraft:stone_depth",
          "offset": 0,
          "surface_type": "floor",
          "add_surface_depth": false,
          "secondary_depth_range": 0
        },
        "then_run": {
          "type": "minecraft:block",
          "result_state": {
            "Name": "minecraft:grass_block"
          }
        }
      },
      {
        "type": "minecraft:condition",
        "if_true": {
          "type": "minecraft:stone_depth",
          "offset": 1,
          "surface_type": "floor",
          "add_surface_depth": false,
          "secondary_depth_range": 0
        },
        "then_run": {
          "type": "minecraft:block",
          "result_state": {
            "Name": "dirt"
          }
        }
      }
    ]
  }
}