{
  "aquifers_enabled": false,
  "default_block": {
    "Name": "minecraft:stone"
  },
  "default_fluid": {
    "Name": "minecraft:water",
    "Properties": {
      "level": "0"
    }
  },
  "disable_mob_generation": false,
  "legacy_random_source": true,
  "noise": {
    "height": 384,
    "min_y": 0,
    "size_horizontal": 2,
    "size_vertical": 2
  },
  "noise_router": {
    "barrier": 0,
    "continents": 0,
    "depth": {
      "type": "minecraft:add",
      "argument1": {
        "type": "minecraft:mul",
        "argument1": 0.03,
        "argument2": {
          "type": "minecraft:flat_cache",
          "argument": {
            "type": "minecraft:noise",
            "noise": "minecraft:continentalness",
            "xz_scale": 2,
            "y_scale": 1
          }
        }
      },
      "argument2": {
        "type": "minecraft:y_clamped_gradient",
        "from_y": 512,
        "to_y": 0,
        "from_value": -1,
        "to_value": 1
      }
    },
    "erosion": 0,
    "final_density": {
      "type": "minecraft:squeeze",
      "argument": {
        "type": "minecraft:mul",
        "argument1": 0.64,
        "argument2": {
          "type": "minecraft:interpolated",
          "argument": {
            "type": "minecraft:blend_density",
            "argument": {
              "type": "minecraft:add",
              "argument1": -0.654375,
              "argument2": {
                "type": "minecraft:mul",
                "argument1": {
                  "type": "minecraft:y_clamped_gradient",
                  "from_value": 0,
                  "from_y": 0,
                  "to_value": 1,
                  "to_y": 32
                },
                "argument2": {
                  "type": "minecraft:add",
                  "argument1": 0.114375,
                  "argument2": {
                    "type": "minecraft:add",
                    "argument1": 0,
                    "argument2": {
                      "type": "minecraft:mul",
                      "argument1": {
                        "type": "minecraft:y_clamped_gradient",
                        "from_value": 1,
                        "from_y": 352,
                        "to_value": 0,
                        "to_y": 384
                      },
                      "argument2": {
                        "type": "minecraft:add",
                        "argument1": 0,
                        "argument2": {
                          "type": "minecraft:noise",
                          "noise": "torment:space_noise",
                          "xz_scale": 1,
                          "y_scale": 1
                        }
                      }
                    }
                  }
                }
              }
            }
          }
        }
      }
    },
    "fluid_level_floodedness": 0,
    "fluid_level_spread": 0,
    "lava": 0,
    "preliminary_surface_level": 0,
    "ridges": 0,
    "temperature": {
      "type": "minecraft:shifted_noise",
      "noise": "minecraft:temperature",
      "shift_x": "minecraft:shift_x",
      "shift_y": 0,
      "shift_z": "minecraft:shift_z",
      "xz_scale": 0.25,
      "y_scale": 0
    },
    "vegetation": {
      "type": "minecraft:shifted_noise",
      "noise": "minecraft:vegetation",
      "shift_x": "minecraft:shift_x",
      "shift_y": 0,
      "shift_z": "minecraft:shift_z",
      "xz_scale": 0.25,
      "y_scale": 0
    },
    "vein_gap": 0,
    "vein_ridged": 0,
    "vein_toggle": 0
  },
  "ore_veins_enabled": false,
  "sea_level": -64,
  "spawn_target": [],
  "surface_rule": {
    "type": "minecraft:sequence",
    "sequence": [
      {
        "type": "minecraft:sequence",
        "sequence": [
          {
            "type": "minecraft:condition",
            "if_true": {
              "type": "minecraft:stone_depth",
              "add_surface_depth": false,
              "offset": 0,
              "secondary_depth_range": 0,
              "surface_type": "floor"
            },
            "then_run": {
              "type": "minecraft:sequence",
              "sequence": [
                {
                  "type": "minecraft:condition",
                  "if_true": {
                    "type": "minecraft:biome",
                    "biome_is": [
                      "minecraft:wooded_badlands"
                    ]
                  },
                  "then_run": {
                    "type": "minecraft:condition",
                    "if_true": {
                      "type": "minecraft:y_above",
                      "add_stone_depth": false,
                      "anchor": {
                        "absolute": 97
                      },
                      "surface_depth_multiplier": 2
                    },
                    "then_run": {
                      "type": "minecraft:sequence",
                      "sequence": [
                        {
                          "type": "minecraft:condition",
                          "if_true": {
                            "type": "minecraft:noise_threshold",
                            "max_threshold": -0.5454,
                            "min_threshold": -0.909,
                            "noise": "minecraft:surface"
                          },
                          "then_run": {
                            "type": "minecraft:block",
                            "result_state": {
                              "Name": "minecraft:coarse_dirt"
                            }
                          }
                        },
                        {
                          "type": "minecraft:condition",
                          "if_true": {
                            "type": "minecraft:noise_threshold",
                            "max_threshold": 0.1818,
                            "min_threshold": -0.1818,
                            "noise": "minecraft:surface"
                          },
                          "then_run": {
                            "type": "minecraft:block",
                            "result_state": {
                              "Name": "minecraft:coarse_dirt"
                            }
                          }
                        },
                        {
                          "type": "minecraft:condition",
                          "if_true": {
                            "type": "minecraft:noise_threshold",
                            "max_threshold": 0.909,
                            "min_threshold": 0.5454,
                            "noise": "minecraft:surface"
                          },
                          "then_run": {
                            "type": "minecraft:block",
                            "result_state": {
                              "Name": "minecraft:coarse_dirt"
                            }
                          }
                        },
                        {
                          "type": "minecraft:sequence",
                          "sequence": [
                            {
                              "type": "minecraft:condition",
                              "if_true": {
                                "type": "minecraft:water",
                                "add_stone_depth": false,
                                "offset": 0,
                                "surface_depth_multiplier": 0
                              },
                              "then_run": {
                                "type": "minecraft:block",
                                "result_state": {
                                  "Name": "minecraft:grass_block",
                                  "Properties": {
                                    "snowy": "false"
                                  }
                                }
                              }
                            },
                            {
                              "type": "minecraft:block",
                              "result_state": {
                                "Name": "minecraft:dirt"
                              }
                            }
                          ]
                        }
                      ]
                    }
                  }
                },
                {
                  "type": "minecraft:condition",
                  "if_true": {
                    "type": "minecraft:biome",
                    "biome_is": [
                      "minecraft:swamp"
                    ]
                  },
                  "then_run": {
                    "type": "minecraft:condition",
                    "if_true": {
                      "type": "minecraft:y_above",
                      "add_stone_depth": false,
                      "anchor": {
                        "absolute": 62
                      },
                      "surface_depth_multiplier": 0
                    },
                    "then_run": {
                      "type": "minecraft:condition",
                      "if_true": {
                        "type": "minecraft:not",
                        "invert": {
                          "type": "minecraft:y_above",
                          "add_stone_depth": false,
                          "anchor": {
                            "absolute": 63
                          },
                          "surface_depth_multiplier": 0
                        }
                      },
                      "then_run": {
                        "type": "minecraft:condition",
                        "if_true": {
                          "type": "minecraft:noise_threshold",
                          "max_threshold": 1.7976931348623157e+308,
                          "min_threshold": 0,
                          "noise": "minecraft:surface_swamp"
                        },
                        "then_run": {
                          "type": "minecraft:block",
                          "result_state": {
                            "Name": "minecraft:water",
                            "Properties": {
                              "level": "0"
                            }
                          }
                        }
                      }
                    }
                  }
                },
                {
                  "type": "minecraft:condition",
                  "if_true": {
                    "type": "minecraft:biome",
                    "biome_is": [
                      "minecraft:mangrove_swamp"
                    ]
                  },
                  "then_run": {
                    "type": "minecraft:condition",
                    "if_true": {
                      "type": "minecraft:y_above",
                      "add_stone_depth": false,
                      "anchor": {
                        "absolute": 60
                      },
                      "surface_depth_multiplier": 0
                    },
                    "then_run": {
                      "type": "minecraft:condition",
                      "if_true": {
                        "type": "minecraft:not",
                        "invert": {
                          "type": "minecraft:y_above",
                          "add_stone_depth": false,
                          "anchor": {
                            "absolute": 63
                          },
                          "surface_depth_multiplier": 0
                        }
                      },
                      "then_run": {
                        "type": "minecraft:condition",
                        "if_true": {
                          "type": "minecraft:noise_threshold",
                          "max_threshold": 1.7976931348623157e+308,
                          "min_threshold": 0,
                          "noise": "minecraft:surface_swamp"
                        },
                        "then_run": {
                          "type": "minecraft:block",
                          "result_state": {
                            "Name": "minecraft:water",
                            "Properties": {
                              "level": "0"
                            }
                          }
                        }
                      }
                    }
                  }
                }
              ]
            }
          }
        ]
      }
    ]
  }
}