{
  "type": "minecraft:chest",
  "pools": [
    {
      "rolls": 1,
      "entries": [
        {
          "type": "minecraft:item",
          "name": "minecraft:potion",
          "weight": 2,
          "functions": [
            {
              "function": "minecraft:set_potion",
              "id": "minecraft:long_slow_falling"
            }
          ]
        },
        {
          "type": "minecraft:item",
          "name": "potion",
          "weight": 5,
          "functions": [
            {
              "function": "minecraft:set_potion",
              "id": "minecraft:slow_falling"
            }
          ]
        }
      ]
    },
    {
      "rolls": {
        "type": "minecraft:uniform",
        "min": 1,
        "max": 3
      },
      "bonus_rolls": {
        "type": "minecraft:uniform",
        "min": 0,
        "max": 2
      },
      "entries": [
        {
          "type": "minecraft:item",
          "name": "minecraft:gold_ingot",
          "weight": 3,
          "conditions": [],
          "functions": [
            {
              "function": "minecraft:set_count",
              "count": {
                "type": "minecraft:uniform",
                "min": 1,
                "max": 3
              },
              "add": false
            },
            {
              "function": "minecraft:set_components",
              "components": {
                "minecraft:consumable": {
                  "consume_seconds": 4,
                  "animation": "eat",
                  "sound": "minecraft:entity.generic.eat",
                  "has_consume_particles": true,
                  "on_consume_effects": []
                },
                "minecraft:food": {
                  "nutrition": 4,
                  "saturation": 6,
                  "can_always_eat": false
                },
                "minecraft:item_name": "Butter"
              }
            }
          ]
        },
        {
          "type": "minecraft:item",
          "name": "minecraft:bone",
          "weight": 5,
          "functions": [
            {
              "function": "minecraft:set_count",
              "count": {
                "type": "minecraft:uniform",
                "min": 3,
                "max": 7
              },
              "add": false
            }
          ]
        },
        {
          "type": "minecraft:item",
          "name": "minecraft:potion",
          "weight": 1,
          "functions": [
            {
              "function": "minecraft:set_potion",
              "id": "minecraft:healing"
            }
          ]
        },
        {
          "type": "minecraft:item",
          "name": "bread",
          "weight": 3,
          "functions": [
            {
              "function": "minecraft:set_count",
              "count": {
                "type": "minecraft:uniform",
                "min": 2,
                "max": 3
              },
              "add": false
            }
          ]
        }
      ]
    }
  ],
  "functions": []
}