{
  "type": "minecraft:entity",
  "pools": [
    {
      "bonus_rolls": 0,
      "entries": [
        {
          "type": "minecraft:item",
          "functions": [
            {
              "add": false,
              "count": {
                "type": "minecraft:uniform",
                "max": 1,
                "min": 0
              },
              "function": "minecraft:set_count"
            },
            {
              "count": {
                "type": "minecraft:uniform",
                "max": 1,
                "min": 0
              },
              "enchantment": "minecraft:looting",
              "function": "minecraft:enchanted_count_increase"
            }
          ],
          "name": "minecraft:ender_pearl"
        }
      ],
      "rolls": 1
    },
    {
      "rolls": 1,
      "bonus_rolls": 0,
      "entries": [
        {
          "type": "minecraft:item",
          "name": "minecraft:diamond",
          "functions": []
        }
      ],
      "functions": [],
      "conditions": [
        {
          "condition": "minecraft:random_chance_with_enchanted_bonus",
          "unenchanted_chance": 0.015,
          "enchanted_chance": {
            "type": "minecraft:linear",
            "base": 0.025,
            "per_level_above_first": 0.007
          },
          "enchantment": "minecraft:looting"
        }
      ]
    }
  ],
  "random_sequence": "minecraft:entities/enderman"
}