{
  "aquifers_enabled": false,
  "default_block": {
    "Name": "minecraft:end_stone"
  },
  "default_fluid": {
    "Name": "minecraft:air"
  },
  "disable_mob_generation": true,
  "legacy_random_source": true,
  "noise": {
    "height": 128,
    "min_y": 0,
    "size_horizontal": 2,
    "size_vertical": 1
  },
  "noise_router": {
    "barrier": 0,
    "continents": 0,
    "depth": 0,
    "erosion": {
      "type": "minecraft:cache_2d",
      "argument": {
        "type": "minecraft:end_islands"
      }
    },
    "final_density": {
      "type": "minecraft:range_choice",
      "input": {
        "type": "minecraft:end_islands"
      },
      "min_inclusive": -1,
      "max_exclusive": -0.3,
      "when_in_range": {
        "type": "minecraft:add",
        "argument1": {
          "type": "minecraft:range_choice",
          "input": {
            "type": "minecraft:flat_cache",
            "argument": {
              "type": "minecraft:noise",
              "noise": "minecraft:erosion",
              "xz_scale": 1.1,
              "y_scale": 1.3
            }
          },
          "min_inclusive": 0.04,
          "max_exclusive": 1,
          "when_in_range": -0.8,
          "when_out_of_range": -0.25
        },
        "argument2": {
          "type": "minecraft:shifted_noise",
          "noise": "minecraft:calcite",
          "xz_scale": 10030000000000000,
          "y_scale": 10700000000000000,
          "shift_x": 0,
          "shift_y": 0,
          "shift_z": 0
        }
      },
      "when_out_of_range": {
        "type": "minecraft:squeeze",
        "argument": {
          "type": "minecraft:mul",
          "argument1": 0.64,
          "argument2": {
            "type": "minecraft:interpolated",
            "argument": {
              "type": "minecraft:blend_density",
              "argument": {
                "type": "minecraft:add",
                "argument1": -0.234375,
                "argument2": {
                  "type": "minecraft:mul",
                  "argument1": {
                    "type": "minecraft:y_clamped_gradient",
                    "from_value": 0,
                    "from_y": 4,
                    "to_value": 1,
                    "to_y": 32
                  },
                  "argument2": {
                    "type": "minecraft:add",
                    "argument1": 0.234375,
                    "argument2": {
                      "type": "minecraft:add",
                      "argument1": -23.4375,
                      "argument2": {
                        "type": "minecraft:mul",
                        "argument1": {
                          "type": "minecraft:y_clamped_gradient",
                          "from_value": 1,
                          "from_y": 56,
                          "to_value": 0,
                          "to_y": 312
                        },
                        "argument2": {
                          "type": "minecraft:add",
                          "argument1": 23.4375,
                          "argument2": "minecraft:end/sloped_cheese"
                        }
                      }
                    }
                  }
                }
              }
            }
          }
        }
      }
    },
    "fluid_level_floodedness": 0,
    "fluid_level_spread": 0,
    "lava": 0,
    "preliminary_surface_level": 0,
    "ridges": 0,
    "temperature": 0,
    "vegetation": 0,
    "vein_gap": 0,
    "vein_ridged": 0,
    "vein_toggle": 0
  },
  "ore_veins_enabled": false,
  "sea_level": 0,
  "spawn_target": [],
  "surface_rule": {
    "type": "minecraft:block",
    "result_state": {
      "Name": "minecraft:end_stone"
    }
  }
}