{
  "anvil_cost": 4,
  "description": {
    "translate": "enchantment.torment.ultrasharpness",
    "color": "#ff3333"
  },
  "effects": {
    "minecraft:damage": [
      {
        "effect": {
          "type": "minecraft:add",
          "value": {
            "type": "minecraft:linear",
            "base": 2,
            "per_level_above_first": 1
          }
        }
      }
    ]
  },
  "max_cost": {
    "base": 41,
    "per_level_above_first": 11
  },
  "max_level": 3,
  "min_cost": {
    "base": 11,
    "per_level_above_first": 11
  },
  "slots": [
    "mainhand"
  ],
  "supported_items": "#minecraft:enchantable/sharp_weapon",
  "weight": 1
}