{
  "anvil_cost": 4,
  "description": {
    "translate": "enchantment.torment.ultrapower",
    "color": "#ff3333"
  },
  "effects": {
    "minecraft:damage": [
      {
        "effect": {
          "type": "minecraft:add",
          "value": {
            "type": "minecraft:linear",
            "base": 2,
            "per_level_above_first": 1
          }
        },
        "requirements": {
          "condition": "minecraft:entity_properties",
          "entity": "direct_attacker",
          "predicate": {
            "type": "#minecraft:arrows"
          }
        }
      }
    ]
  },
  "max_cost": {
    "base": 36,
    "per_level_above_first": 10
  },
  "max_level": 3,
  "min_cost": {
    "base": 14,
    "per_level_above_first": 10
  },
  "slots": [
    "mainhand"
  ],
  "supported_items": "#torment:shoots_arrow",
  "weight": 1
}