{
  "type": "minecraft:range_choice",
  "input": {
    "type": "minecraft:max",
    "argument1": "minecraft:y",
    "argument2": -64
  },
  "min_inclusive": -64,
  "max_exclusive": 32,
  "when_in_range": {
    "type": "minecraft:range_choice",
    "input": "minecraft:y",
    "min_inclusive": -128,
    "max_exclusive": -16,
    "when_in_range": {
      "type": "minecraft:add",
      "argument1": {
        "type": "minecraft:old_blended_noise",
        "xz_scale": 10,
        "y_scale": 1,
        "xz_factor": 10,
        "y_factor": 1,
        "smear_scale_multiplier": 1
      },
      "argument2": 0.05
    },
    "when_out_of_range": {
      "type": "minecraft:add",
      "argument1": {
        "type": "minecraft:clamp",
        "input": {
          "type": "minecraft:end_islands"
        },
        "min": -0.05,
        "max": 1
      },
      "argument2": {
        "type": "minecraft:mul",
        "argument1": 0.2,
        "argument2": {
          "type": "minecraft:old_blended_noise",
          "xz_scale": 0.05,
          "y_scale": 0.4,
          "xz_factor": 0.1,
          "y_factor": 1,
          "smear_scale_multiplier": 2
        }
      }
    }
  },
  "when_out_of_range": {
    "type": "minecraft:range_choice",
    "input": "minecraft:y",
    "min_inclusive": 32,
    "max_exclusive": 150,
    "when_in_range": {
      "type": "minecraft:range_choice",
      "input": {
        "type": "minecraft:noise",
        "noise": "minecraft:calcite",
        "xz_scale": 2,
        "y_scale": 1
      },
      "min_inclusive": 0,
      "max_exclusive": 1,
      "when_in_range": {
        "type": "minecraft:cube",
        "argument": {
          "type": "minecraft:add",
          "argument1": {
            "type": "minecraft:clamp",
            "input": {
              "type": "minecraft:shift_b",
              "argument": "minecraft:badlands_pillar"
            },
            "min": -0.5,
            "max": 0.5
          },
          "argument2": {
            "type": "minecraft:add",
            "argument1": {
              "type": "minecraft:mul",
              "argument1": -0.5,
              "argument2": {
                "type": "minecraft:abs",
                "argument": "minecraft:overworld/caves/spaghetti_2d"
              }
            },
            "argument2": {
              "type": "minecraft:abs",
              "argument": {
                "type": "minecraft:shift_b",
                "argument": "minecraft:spaghetti_3d_2"
              }
            }
          }
        }
      },
      "when_out_of_range": {
        "type": "minecraft:add",
        "argument1": {
          "type": "minecraft:mul",
          "argument1": -1,
          "argument2": {
            "type": "minecraft:abs",
            "argument": "minecraft:end/base_3d_noise"
          }
        },
        "argument2": {
          "type": "minecraft:mul",
          "argument1": {
            "type": "minecraft:abs",
            "argument": "minecraft:nether/base_3d_noise"
          },
          "argument2": 1
        }
      }
    },
    "when_out_of_range": {
      "type": "minecraft:cache_2d",
      "argument": {
        "type": "minecraft:clamp",
        "input": {
          "type": "minecraft:noise",
          "noise": "minecraft:badlands_pillar_roof",
          "xz_scale": 100,
          "y_scale": 2
        },
        "min": -0.5,
        "max": 0.5
      }
    }
  }
}