{
  "type": "minecraft:min",
  "argument1": {
    "type": "minecraft:add",
    "argument1": {
      "type": "minecraft:end_islands"
    },
    "argument2": {
      "type": "minecraft:mul",
      "argument1": 0.5,
      "argument2": {
        "type": "minecraft:mul",
        "argument1": {
          "type": "minecraft:max",
          "argument1": "minecraft:shift_x",
          "argument2": "minecraft:shift_z"
        },
        "argument2": {
          "type": "minecraft:range_choice",
          "input": {
            "type": "minecraft:add",
            "argument1": "minecraft:y",
            "argument2": {
              "type": "minecraft:mul",
              "argument1": {
                "type": "minecraft:noise",
                "noise": "minecraft:surface",
                "xz_scale": 1,
                "y_scale": 1
              },
              "argument2": 60
            }
          },
          "min_inclusive": -48,
          "max_exclusive": 16,
          "when_in_range": 1,
          "when_out_of_range": 0
        }
      }
    }
  },
  "argument2": {
    "type": "minecraft:add",
    "argument1": 0,
    "argument2": {
      "type": "minecraft:mul",
      "argument1": -1,
      "argument2": {
        "type": "minecraft:shifted_noise",
        "noise": "minecraft:spaghetti_3d_2",
        "xz_scale": 2,
        "y_scale": 1,
        "shift_x": 137000,
        "shift_y": 200,
        "shift_z": -65536
      }
    }
  }
}