{
  "name": "balcony",
  "fallback": "minecraft:empty",
  "elements": [
    {
      "weight": 3,
      "element": {
        "element_type": "minecraft:single_pool_element",
        "location": "torment:sky_dungeon/basement/basic",
        "projection": "rigid",
        "processors": "minecraft:empty"
      }
    },
    {
      "weight": 2,
      "element": {
        "element_type": "minecraft:single_pool_element",
        "location": "torment:sky_dungeon/basement/frag_end_portal",
        "projection": "rigid",
        "processors": "minecraft:empty"
      }
    }
  ]
}