{
  "name": "island",
  "fallback": "minecraft:empty",
  "elements": [
    {
      "weight": 5,
      "element": {
        "element_type": "minecraft:single_pool_element",
        "location": "torment:sky_dungeon/island/island_medium",
        "projection": "rigid",
        "processors": "minecraft:empty"
      }
    },
    {
      "weight": 1,
      "element": {
        "element_type": "minecraft:single_pool_element",
        "location": "torment:sky_dungeon/island/r4_beacon",
        "projection": "rigid",
        "processors": "minecraft:empty"
      }
    },
    {
      "weight": 3,
      "element": {
        "element_type": "minecraft:single_pool_element",
        "location": "torment:sky_dungeon/island/r4_parapet",
        "projection": "rigid",
        "processors": "minecraft:empty"
      }
    },
    {
      "weight": 4,
      "element": {
        "element_type": "minecraft:single_pool_element",
        "location": "torment:sky_dungeon/island/r4tower_1",
        "projection": "rigid",
        "processors": "minecraft:empty"
      }
    },
    {
      "weight": 2,
      "element": {
        "element_type": "minecraft:single_pool_element",
        "location": "torment:sky_dungeon/island/r4tower_2",
        "projection": "rigid",
        "processors": "minecraft:empty"
      }
    },
    {
      "weight": 4,
      "element": {
        "element_type": "minecraft:single_pool_element",
        "location": "torment:sky_dungeon/island/r8_floor_1",
        "projection": "rigid",
        "processors": "minecraft:empty"
      }
    }
  ]
}