{
  "carvers": [],
  "downfall": 0.4,
  "effects": {
    "sky_color": 8848388,
    "fog_color": 7798784,
    "grass_color": 12648430,
    "foliage_color": 12648430,
    "dry_foliage_color": 0,
    "ambient_sound": {
      "sound_id": "minecraft:entity.wither.spawn",
      "range": 3
    },
    "mood_sound": {
      "block_search_extent": 8,
      "offset": 2,
      "sound": "minecraft:ambient.cave",
      "tick_delay": 6000
    },
    "music_volume": 1,
    "water_color": 16724991,
    "water_fog_color": 16711935,
    "particle": {
      "options": {
        "type": "minecraft:ash"
      },
      "probability": 0
    }
  },
  "features": [
    [],
    [
      "minecraft:lake_lava_underground",
      "minecraft:lake_lava_surface"
    ],
    [],
    [],
    [],
    [],
    [
      "minecraft:ore_gravel",
      "minecraft:ore_iron_upper",
      "minecraft:ore_iron_middle",
      "minecraft:ore_iron_small",
      "minecraft:ore_gold",
      "minecraft:ore_gold_lower",
      "minecraft:ore_diamond",
      "minecraft:ore_diamond_medium",
      "minecraft:ore_diamond_large",
      "minecraft:ore_diamond_buried",
      "minecraft:ore_ancient_debris_large"
    ],
    [],
    [
      "minecraft:spring_lava"
    ],
    [],
    []
  ],
  "has_precipitation": false,
  "spawn_costs": {},
  "spawners": {
    "ambient": [],
    "axolotls": [],
    "creature": [],
    "misc": [],
    "monster": [
      {
        "type": "minecraft:wither_skeleton",
        "maxCount": 6,
        "minCount": 4,
        "weight": 95
      },
      {
        "type": "minecraft:wither",
        "maxCount": 1,
        "minCount": 1,
        "weight": 5
      }
    ],
    "underground_water_creature": [],
    "water_ambient": [],
    "water_creature": []
  },
  "temperature": 0.8
}