{
  "temperature_modifier": "frozen",
  "carvers": [
    "torment:asteroid_carver_1",
    "torment:asteroid_carver_2"
  ],
  "downfall": 0.2,
  "effects": {
    "fog_color": 0,
    "mood_sound": {
      "block_search_extent": 8,
      "offset": 2,
      "sound": "minecraft:ambient.cave",
      "tick_delay": 6000
    },
    "music_volume": 1,
    "sky_color": 0,
    "water_color": 4159204,
    "water_fog_color": 329011
  },
  "features": [
    [],
    [],
    [],
    [],
    [],
    [],
    [
      "torment:ore_iron_space",
      "torment:ore_gold_space",
      "torment:ore_diamond_space",
      "torment:ore_debris_space",
      "torment:ore_copper_space"
    ],
    [],
    [],
    [],
    []
  ],
  "has_precipitation": false,
  "spawn_costs": {},
  "spawners": {
    "ambient": [],
    "axolotls": [],
    "creature": [],
    "misc": [],
    "monster": [
      {
        "type": "minecraft:enderman",
        "maxCount": 4,
        "minCount": 1,
        "weight": 30
      },
      {
        "type": "minecraft:breeze",
        "maxCount": 1,
        "minCount": 1,
        "weight": 90
      }
    ],
    "underground_water_creature": [],
    "water_ambient": [],
    "water_creature": []
  },
  "temperature": 0
}