{
  "type": "minecraft:jigsaw",
  "biomes": "#torment:has_structure/sky_dungeon",
  "step": "surface_structures",
  "spawn_overrides": {
    "monster": {
      "bounding_box": "piece",
      "spawns": [
        {
          "type": "minecraft:breeze",
          "weight": 25,
          "minCount": 3,
          "maxCount": 4
        },
        {
          "type": "minecraft:skeleton",
          "weight": 90,
          "minCount": 4,
          "maxCount": 4
        },
        {
          "type": "minecraft:zombie",
          "weight": 90,
          "minCount": 4,
          "maxCount": 4
        },
        {
          "type": "minecraft:illusioner",
          "weight": 5,
          "minCount": 1,
          "maxCount": 1
        }
      ]
    },
    "creature": {
      "bounding_box": "piece",
      "spawns": [
        {
          "type": "parrot",
          "weight": 10,
          "minCount": 1,
          "maxCount": 2
        },
        {
          "type": "chicken",
          "weight": 30,
          "minCount": 1,
          "maxCount": 3
        }
      ]
    }
  },
  "terrain_adaptation": "none",
  "start_pool": "torment:sky_dungeon/basement",
  "size": 8,
  "start_height": {
    "type": "minecraft:uniform",
    "min_inclusive": {
      "absolute": 250
    },
    "max_inclusive": {
      "absolute": 350
    }
  },
  "max_distance_from_center": 100,
  "project_start_to_heightmap": "WORLD_SURFACE_WG",
  "use_expansion_hack": false,
  "dimension_padding": {
    "bottom": 60,
    "top": 0
  }
}